feature,importance
tmin,0.48067288506171646
season,0.440737084890991
prcp,0.04243539176559732
day_of_week,0.025551228765632223
day_name,0.010603409516063011
