feature,importance
tmin,0.35945393769757955
season,0.2952315286708958
day_of_week,0.1913939261911092
prcp,0.13340578656011734
day_name,0.02051482088029807
