dataset,accuracy,recall,precision,f1_score,roc_auc
training,0.915370481544143,0.24064741228920333,0.6282894736842105,0.3480028030833917,0.914616582458973
validation,0.9126371227419091,0.22317534166908984,0.5915221579961464,0.3240789612583131,0.9093432395344216
test,0.9126507667958303,0.22474196830934728,0.5912045889101338,0.32567937644828315,0.9064426722396555
