dataset,accuracy,recall,precision,f1_score,roc_auc
training,0.5447346061774395,0.5760233230470476,0.5412203210058542,0.558079751835438,0.5640467318120128
validation,0.5433203349483858,0.5751967323407053,0.5398428280544592,0.5569593074607055,0.5616656584723976
test,0.5427368537537081,0.5732888845212808,0.5393943560795544,0.5558253731707913,0.5609492929594688
