feature,coefficient,abs_coefficient
tmin,-0.9833484278179303,0.9833484278179303
season,-0.13104137636581448,0.13104137636581448
prcp,0.08921655988724239,0.08921655988724239
day_of_week,-0.06611083402572404,0.06611083402572404
day_name,-0.026692400722012125,0.026692400722012125
