dataset,accuracy,recall,precision,f1_score,roc_auc
training,0.5206027126007207,0.5188344859908851,0.5197271940208845,0.5192804563369886,0.5280546814898138
validation,0.5213718850089346,0.5202956213667826,0.5204687354276366,0.5203821639998689,0.5283741489728337
test,0.5211845171252988,0.5195773835171509,0.520305016830429,0.5199409456016199,0.528317468329194
