dataset,accuracy,recall,precision,f1_score,roc_auc
training,0.6550555767796394,0.6854041480907153,0.16939530761584248,0.2716525981197123,0.7262346080399178
validation,0.655924248212629,0.6807211398662402,0.16900086630089517,0.27077670464403447,0.7260920933081363
test,0.654614419036184,0.6807675534234627,0.16844717815905902,0.2700692041522491,0.7255775233047835
